duracion_segundos,bytes_enviados,paquetes,intentos_fallidos,puertos_contactados,etiqueta_real,prediccion,puntaje_anomalia
46.52032230855922,3951.1953861125558,56.69589992427774,0,2,0,0,0.18466131678333741
51.79229180734617,4681.043690285555,54.41310580767483,1,0,0,0,0.13208472152873607
17.909509224020255,5028.024421327747,63.0930634973311,0,1,0,0,0.1154351121047098
33.116055917437166,4237.36985797601,34.861040477074624,0,1,0,0,0.18751752281748663
26.50429489794557,5021.36234964098,62.95211355912322,0,1,0,0,0.1450499976070524
51.228140717769534,4561.069959474663,47.806364044901365,0,3,0,0,0.18453568733094283
28.124742156897028,3046.3813656850416,49.200944904518416,0,1,0,0,0.1488492484643325
29.109236055500826,3734.53159121163,35.824971789857365,0,1,0,0,0.16844239243796455
47.59518181306613,5305.534482668504,51.227112239002686,0,1,0,0,0.18995116109978555
30.600960491965154,5427.255108628658,48.92415967178767,0,1,0,0,0.18373327369752362
34.7232273007099,5167.914741964703,60.32367724678116,0,2,0,0,0.17918623026335867
41.044564818858056,4534.20313035138,56.24112719986013,0,2,0,0,0.1931877806096554
49.878047007542975,4658.797399749503,54.75816719344709,0,2,0,0,0.18819337459086355
116.85983808845812,13713.660482108962,144.9855855566081,9,17,1,1,-0.11208216596048293
42.925608565254386,4073.5445876361755,67.18780233448135,0,1,0,0,0.13741384610507007
30.196771948153167,4884.474925684516,48.01107339191742,3,0,0,0,0.03871158054078061
41.362208143014975,3998.2573934929496,43.099609649985055,0,2,0,0,0.2032965631516922
52.52993052482886,4758.411748681642,34.57955587756897,0,4,0,0,0.149046447428887
41.464117775744334,4391.656952441762,36.049301577233955,0,4,0,0,0.1693351577867947
38.438283347587785,5612.4838576893935,42.52974299254004,2,4,0,0,0.0775478668858508
32.75217775941015,5033.274254281065,38.094589476837406,0,0,0,0,0.17455112482766016
43.320289591960226,5970.088379070987,38.8234810456565,0,0,0,0,0.15130155322093397
45.9759794949454,4976.723478921058,40.12771435886448,0,1,0,0,0.19607118804046375
40.577019359936585,4877.579199516325,44.37808983000689,0,5,0,0,0.12745834530626754
46.850686128318,2250.534856613784,39.558859978858074,1,2,0,0,0.11308320449984705
47.60702826781613,5346.694069189394,39.26398227103099,0,0,0,0,0.1618969394542759
34.95225612681569,4856.223180093668,43.55481329284482,1,0,0,0,0.15046663452044123
118.99734571406339,20434.843972962615,206.35816539124147,5,17,1,1,-0.12912683707366013
40.34493787521781,3425.7268514191683,48.49800024567907,0,1,0,0,0.18049402269594172
31.69710316142507,5938.782453454245,36.627375689503,0,3,0,0,0.16085788314960137
22.62298790203211,5327.168834688991,36.01215951676872,0,3,0,0,0.1530328318514581
25.229628202792536,4323.285135823519,27.30924095110882,1,4,0,0,0.09194677352684782
45.65762028563195,3371.139519147676,74.85259002603411,1,2,0,0,0.07158337815332089
23.40640322842797,4519.144419062455,45.6934433703625,0,1,0,0,0.1756399222629592
40.29412209110731,4550.984932407397,48.476764835383364,0,2,0,0,0.20634352285999175
40.698504621352,5935.054556902475,29.462412339839357,2,2,0,0,0.06599725882676394
35.50215030940483,4881.239159034115,42.97019362604343,0,1,0,0,0.2013999905373371
42.18239506070194,4080.567148318582,39.5044286409142,0,2,0,0,0.20322787701643014
35.27993425207167,6097.779803348561,71.93033663980496,0,3,0,0,0.08306284334167435
51.70654152546831,4018.288309595489,47.2323891412916,1,6,0,0,0.07107582887440972
47.489437804625865,4672.844204841029,26.33460048639384,1,3,0,0,0.13044769119659033
43.55344332477491,5087.090590572077,44.7347874075094,0,2,0,0,0.19855739141706202
49.904996187856355,4984.880393201733,53.82333062323409,0,2,0,0,0.1881279781824351
152.8886742182692,13741.90164703882,161.74010806126552,9,13,1,1,-0.12611199849446386
47.555546103083344,3099.6939184167354,49.87872284871074,0,2,0,0,0.16994735165576202
32.79739747409447,4367.69819853436,46.847405788957246,0,3,0,0,0.1966363943988469
54.34055954709811,5679.277871507647,44.4759554942253,0,5,0,0,0.0951508549245198
28.934016109868494,4316.693624840731,54.68184660532861,0,2,0,0,0.18583955501439875
39.33342761324057,3821.923916688435,38.39678860526553,0,5,0,0,0.12832580586539344
28.01975151113451,3823.0592349684753,48.423378344896214,0,2,0,0,0.18248346208087252
40.22102055027462,5598.930325972818,55.729780477660114,0,1,0,0,0.18031270604253247
54.26071928137701,4516.964660650363,49.79441518086064,1,2,0,0,0.169406391167492
39.2856957272584,3876.3853219836833,47.46504778432005,1,1,0,0,0.17590937819944907
22.256965050641902,4060.035520392353,31.613942002767512,0,1,0,0,0.14098641776078308
22.903021765438517,3912.6384186278483,47.39246864111149,1,1,0,0,0.138358215911006
32.77952065324724,5207.220142785749,32.70450405547583,1,2,0,0,0.15374531650807088
48.7091994867843,4964.345295933689,22.80699627252465,0,0,0,0,0.10062401216923106
34.43898768625046,5078.45048388079,62.32514999485092,1,4,0,0,0.10787636054592709
17.592817688899025,4753.072281572438,52.84604287898024,1,1,0,0,0.11811764955454729
33.79253859879553,4539.242201735208,64.54157433750287,1,2,0,0,0.1401432713848017
50.79519850519901,4530.6751214333035,49.25887206193036,0,0,0,0,0.17072958198907595
52.371994269951415,5128.400982252231,39.04338705956508,1,2,0,0,0.15883343002393763
46.357650134983395,3992.1771612083503,32.07737304894381,0,1,0,0,0.17978166954076064
86.23277788785666,4207.65175484224,51.03187431082343,1,2,0,0,0.07410087449058606
44.96121883868441,4296.168997288626,34.148494734422016,0,3,0,0,0.18361008736805662
27.027240068801234,4428.322747878857,44.571766186884254,0,0,0,0,0.16327444367409122
39.60696075740802,5294.798799432443,35.74575373940412,0,2,0,0,0.190428171257767
43.43038468869886,2563.3661388036253,44.66387435296287,1,1,0,0,0.13387861026456999
44.336747266100964,4970.551939231949,50.935567222808615,1,2,0,0,0.17889677451108982
57.298823447894804,4666.096172877334,51.897078052451945,0,3,0,0,0.16750697099502104
42.09493375398207,5555.456117333428,36.82911368931809,1,0,0,0,0.13625027887172209
29.664589584060835,3332.851246839738,38.49976065593102,1,2,0,0,0.1414211971156149
40.85879484663271,4475.236585454428,44.86162253905763,0,1,0,0,0.2019509336911276
24.645076399171582,4072.586709039728,42.81954104607626,0,4,0,0,0.15233092879787308
32.92762291666946,3976.487177446221,65.24309623286852,0,3,0,0,0.14460544857961127
32.527605762152874,5965.556960815684,50.8855326977072,0,0,0,0,0.14722248847874375
36.773335713342036,3918.632238787918,63.70965175371782,0,1,0,0,0.15040043596305475
42.36233483042948,4524.197255095078,45.97983153470896,0,2,0,0,0.2055967318622463
29.726994089093594,1914.9640080465156,25.803268438023437,0,3,0,0,0.043646583032295405
32.90114333397004,4877.117108429441,48.5561334878566,1,2,0,0,0.17656857107031432
55.258661139929906,5267.4963076099975,62.586204841951336,0,3,0,0,0.13448107766504164
39.13587854103599,3913.7237967469964,43.02661579692674,1,0,0,0,0.1506808594594749
45.54524169115925,4383.161370239916,65.89538721694774,0,4,0,0,0.11661640560174497
52.04239477470429,4064.5027493511107,43.487267163464885,3,3,0,0,0.05602569451203576
43.8899962298613,3838.02305166921,65.99721789166516,1,3,0,0,0.11202195728049402
44.4537504804557,5421.656273230316,37.16234334413603,0,1,0,0,0.19015518146361854
205.16918790187853,17308.82513860082,107.86385063090958,5,23,1,1,-0.16453862666126406
39.54838357090182,5667.295091904998,50.987943895619104,0,2,0,0,0.1849981183355538
52.64370155929407,5498.729857760601,55.305805856240575,0,3,0,0,0.1610730807246677
49.499952327555235,4853.986055454935,38.99576434261295,0,4,0,0,0.16700228045760762
14.513251308282317,4307.901416162813,56.94109403047372,2,2,0,0,0.04242910987093562
51.46170784601486,4982.987477274558,51.17005949576698,0,1,0,0,0.1858196667265578
32.04851489264984,4379.3845499943745,42.70609255931972,0,1,0,0,0.19894426782140595
34.175637426050756,5035.278907498758,19.376663412046895,2,3,0,0,0.05654720029502425
45.51016095074124,3538.977370578726,29.64427876792894,1,2,0,0,0.13658017101920544
59.5433865468555,5671.567160458919,50.0066572138121,0,2,0,0,0.14481396325272083
53.791279915428106,4018.2046326414693,49.63206292099123,1,2,0,0,0.16536334923556423
33.64287755479553,4702.006636703974,38.585184047770476,0,3,0,0,0.194789348745747
25.64552051103195,3879.730963719389,51.45215585950057,1,4,0,0,0.11465376671664596
58.95486574876855,3949.4078181852433,55.11463035408356,0,1,0,0,0.15546703161849124
41.37073178394448,3600.6279909345803,37.65826201221504,0,1,0,0,0.18409047951181495
57.70427460339462,5392.838114582871,60.11154930247348,0,1,0,0,0.13891652862007575
27.74520619443144,3771.3568320705185,64.04136589573007,1,4,0,0,0.08385921734971696
55.20293379023947,3868.20748097392,41.24803619676063,0,1,0,0,0.17507775235008294
20.141719937610766,5123.795046536829,42.049100857620935,0,4,0,0,0.1356636799466524
37.05108323096867,2373.3608080123454,69.26716486345522,0,4,0,0,0.036394688459873814
44.051231944902426,4346.833839727565,51.820520657126195,0,0,0,0,0.17669375301191548
94.48101830669316,15684.224980302472,142.91799632298665,12,20,1,1,-0.1600888924508439
37.05534260796556,4680.989142043471,59.227481360999406,0,1,0,0,0.17885255217970353
42.2393094778763,5514.034623144825,48.6873314731752,1,2,0,0,0.16943760892350385
43.11667002065778,3701.25703997811,56.24353359870503,0,4,0,0,0.1485745292708585
35.64593727472409,4675.146709713518,59.816634024625984,0,0,0,0,0.1505531947338789
189.21624029251558,16942.88975678892,202.49694920524712,8,16,1,1,-0.12183123104204596
43.20460319043111,6453.848445748033,51.25508016831036,0,2,0,0,0.15006767016223982
50.98482541242489,3396.8109032978928,52.25095786847997,1,4,0,0,0.12551150497831315
36.767117986665305,6441.577391938953,29.821262533191906,0,1,0,0,0.11800695408929351
37.31844657608979,4280.259028238416,39.494631505084165,0,2,0,0,0.20376152398934916
109.54241987212154,14455.151609384124,220.79106108753152,8,21,1,1,-0.1390532457716458
32.17796670637409,4702.216253176697,47.25307922040942,1,1,0,0,0.17313948339414964
44.284185831580565,3915.6502094405937,46.89706167610396,0,1,0,0,0.19355978744640961
52.80009627506985,4006.1475830331347,40.87002177856566,1,0,0,0,0.136782589393806
56.42357869038818,4311.60869056332,51.687416555925125,1,1,0,0,0.15537665003343298
44.78963337222485,3952.960211615011,44.93478684770542,1,5,0,0,0.11057864140225027
28.876834341063002,3380.5230881478437,33.88542043062968,0,4,0,0,0.12641292684681765
42.23745177723313,4297.830165002678,60.49020151495188,0,2,0,0,0.1799450693739641
34.94818623015684,5829.777072949735,49.72002270919275,0,2,0,0,0.1850958838600802
67.24831429365275,4367.157672331198,37.33343412216652,0,0,0,0,0.11252963592271825
48.03607058596046,4666.212275278418,55.97152711753696,0,1,0,0,0.18397899598529327
44.0134814798443,3852.762012681822,49.54740912141134,0,2,0,0,0.19878888087002056
51.259405671711974,2067.0909363006867,48.868085206892026,0,4,0,0,0.07816798669979447
44.52760591653823,5604.239901495877,48.4005129456889,0,1,0,0,0.18971956874278
33.62803653997819,4519.180483804748,42.95528779013878,2,1,0,0,0.11400195428593118
25.026601816421806,5622.967865406361,34.84905808172131,0,0,0,0,0.12113911038591979
237.32143883410376,20578.794777936055,146.39759857832775,5,14,1,1,-0.15780370454341863
29.148200498747098,4106.28752970893,41.659227690200595,0,3,0,0,0.18908647434287157
51.175361429394385,4854.1368468795745,58.74438093170817,1,1,0,0,0.1418719532348095
49.49238336451656,4457.771479008735,45.599326302663286,1,1,0,0,0.1745663368157907
49.10763064591921,6695.777165705345,39.867864335284146,0,0,0,0,0.09557932235887401
41.33107107651839,2799.4133421490224,35.80615408413577,1,1,0,0,0.1303761323089262
39.57008753068058,4478.080866965115,51.55900776529761,0,4,0,0,0.17289650973785753
22.257736115590873,3598.541991094576,51.21571889856051,0,3,0,0,0.15001687731416025
32.160049209115456,4997.240958975433,36.71502975219754,2,2,0,0,0.1069077901877718
19.477979288120494,4169.858029366781,52.89056687375519,0,3,0,0,0.14604708795642252
47.94556809425256,3267.17731837883,41.42554577189573,1,2,0,0,0.15703238331991293
54.03154708534807,4583.560411027003,35.73301691152689,1,4,0,0,0.12541000655780077
38.85645361135658,5673.906218590337,63.32557043479201,1,4,0,0,0.09609047608508803
37.75754027006369,5975.968076434254,36.81571334057999,0,0,0,0,0.14823833839529837
25.596443115330686,3066.3056398214976,42.76797745365195,0,5,0,0,0.08486161431594497
67.586777483431,3939.6155744389935,34.410924129433994,0,1,0,0,0.1193580800282607
47.14188430524296,5048.22430881646,38.52458194364841,1,1,0,0,0.16921726617392396
21.962284562582724,5313.541356977576,41.915172115441806,1,2,0,0,0.13409565651271127
25.704358033568216,3938.6079353737755,47.62561329001925,0,2,0,0,0.175055817603114
204.50334516788786,20685.500095545594,179.14618791310346,6,11,1,1,-0.1588277042716849
18.89512616292263,6143.408742192242,53.491021107431436,0,4,0,0,0.08314309622766358
50.469487939361734,4505.780042829844,29.83357450579209,1,1,0,0,0.1433717922864272
31.60329390408897,4910.298994873447,29.77640813782109,0,3,0,0,0.15964922273990867
37.57368817079327,4449.807830108065,44.99291405423354,0,0,0,0,0.1802594845949051
24.986637083376365,5387.156996111877,47.11283692279473,0,1,0,0,0.1654753680589608
34.24990914585652,5685.654659070893,44.451059993837134,1,3,0,0,0.14974668797200769
48.182697875515736,3948.806362823606,40.12797078805073,0,1,0,0,0.19106298635381003
33.87980321374304,4921.896830467522,53.132051867479774,1,1,0,0,0.1678642923944756
61.24960762762612,4671.4497118011595,32.67476685231491,0,6,0,0,0.042997461926129854
48.35447637776102,3844.797352893779,65.88442772869925,0,1,0,0,0.13670120569969157
62.18747313934414,4335.393203005644,29.140166877620416,0,2,0,0,0.12417196736037789
35.34758128076819,3697.926997126241,53.20344012612456,1,3,0,0,0.15519679240035833
8.188362299283856,4116.278163415011,53.58451116656666,1,1,0,0,0.08134478318289262
49.75434542606752,4710.407320611673,38.5851309095569,1,2,0,0,0.1742628203970032
45.33115973783248,3539.2203771711543,44.36475425384645,2,1,0,0,0.09655674963483157
55.665745685851945,4652.424741632471,40.299578522404985,1,1,0,0,0.15808847889893024
37.38782556127336,5002.4942212695505,32.495922660302824,0,0,0,0,0.16233564208295131
58.39286695603093,5235.989669280259,49.042947549616976,1,5,0,0,0.07263410202474418
53.434898937214925,4250.868030099971,47.60280506582886,0,2,0,0,0.18676493840702357
16.9747454164115,5194.5288395835105,28.92440135631026,0,2,0,0,0.10853432596000107
160.76053218464028,10378.999638599751,199.8151926131395,9,15,1,1,-0.14145433666942842
32.24112538908968,4276.177986434807,42.69599285794233,0,1,0,0,0.19962032789880962
44.820540665187295,5002.029275716676,34.28946320350951,1,3,0,0,0.1564406156791796
21.767560408551837,4543.974063293133,32.3983523482742,0,3,0,0,0.1497516137109121
49.29560864115204,6074.619068868245,50.57691060725124,1,2,0,0,0.13916456321485554
41.1534493232918,3911.3318851853187,65.12270445700764,1,0,0,0,0.10118902756717685
61.02724532108347,5652.914725561602,54.96858773465808,0,2,0,0,0.1320868640697624
58.277488927235886,4859.719156577377,44.16562030209639,0,2,0,0,0.1720879986682794
54.953022309971544,4601.943369483988,45.382379949600285,0,3,0,0,0.17495526157005376
42.20010406886022,4370.321199850546,33.51205964841344,0,2,0,0,0.1920460194751311
20.469490745402048,4391.1466662529965,50.72057441714144,1,0,0,0,0.1079282173706369
45.90941516809779,3823.2276014350628,42.033925409302014,0,1,0,0,0.1934850685256903
36.13526180553189,4714.9102431238625,39.910363742925014,0,4,0,0,0.17112230928012356
27.969647624346294,3691.3788163880663,48.63631882624968,0,3,0,0,0.1736062706615265
35.185354337369965,3319.3473908848564,56.92507512477975,1,2,0,0,0.14442370839742352
47.80241413550393,4107.252698526088,59.769344261182745,0,1,0,0,0.1701278925299946
23.120066837821334,4661.623603745638,54.02277173786647,1,3,0,0,0.13532736524501782
39.452967803734026,5004.827503147115,38.92124739324182,0,1,0,0,0.1993845739943153
36.61858469367391,3876.8211181135293,40.14694164632132,1,2,0,0,0.1750016865422887
40.167151502955356,4610.403284395316,18.64252260983122,0,1,0,0,0.1283481216923949
26.284356426032524,3737.7347865135052,53.17889658025029,3,0,0,0,0.018767325715356664
47.81669501566957,3019.1411277387974,34.978125442185274,0,4,0,0,0.12431574385080801
41.443547580542784,3168.979588103284,50.345056484805504,0,4,0,0,0.14942352221655514
40.909654698324715,5137.297809019731,25.298961822881644,1,2,0,0,0.1332113215034098
46.18057223567257,5383.588938292435,41.71381524251015,0,2,0,0,0.19441273224855943
26.494131432419483,5295.640856724945,42.45044206446302,0,4,0,0,0.14830634431212858
41.101129318426025,5052.166175457375,37.27122332176391,0,1,0,0,0.19772271869513725
36.49967500248068,5184.373190529867,64.58347454220593,2,1,0,0,0.06814256103109229
40.56878405579697,5339.331748685781,41.304730711666416,0,0,0,0,0.17264100428469648
36.28544272823212,4885.476387486884,22.53110666015395,2,2,0,0,0.07423571939672402
34.80930174616455,5359.77468771346,47.39404500535377,0,3,0,0,0.19069348512204648
58.606005913768925,4221.711830655123,41.64862218828548,0,3,0,0,0.16789981071335575
36.761500776479544,3601.4531047305377,42.21037069668191,0,4,0,0,0.16633326023804051
44.95337112323798,4828.464902219603,39.17241342388418,0,2,0,0,0.19922221002546292
34.64279662539366,3518.1302128063217,48.93797298216251,0,0,0,0,0.161764562768825
46.46692052421591,3913.7787955873537,30.503547803014698,0,2,0,0,0.16711081948851442
34.653969743190736,3831.7764728717566,64.62587190530795,0,2,0,0,0.1554447441643304
56.274880342849876,4678.119705116383,45.895806812552486,0,0,0,0,0.15233274854959034
55.685713051389136,4466.499987141143,40.90717561886896,0,2,0,0,0.18094926441200504
21.721757142594704,5756.115429710961,62.04105516255491,0,1,0,0,0.11574349000985912
33.72567967416078,4466.666882656429,58.414759155308815,1,3,0,0,0.14735031215550104
40.71062120817386,3642.004252567159,50.346290861224354,1,1,0,0,0.16823992563073675
29.232947542170024,4362.7771472575105,52.90625599162769,1,3,0,0,0.14896563836873095
31.44585060787403,4337.5680777684365,36.04653677636976,1,2,0,0,0.167776878977154
44.85978053153147,5727.726386976459,28.568111888458326,0,1,0,0,0.1500566410061357
48.95504279232665,4274.958136860942,36.669439429992416,1,3,0,0,0.16870257934566368
15.016847105395335,3594.111691248323,53.970661968871326,1,2,0,0,0.10047302122579627
41.407928599705386,3411.323083177915,49.72406277880377,3,2,0,0,0.05386669050446735
52.34986764790772,3438.864187956178,61.999573745763804,2,3,0,0,0.05096562804968596
132.9688755047008,22346.002854080634,231.37748211109536,8,23,1,1,-0.17440259723651386
18.843518135647194,5015.324503220543,44.48606276411514,0,1,0,0,0.15370144842287314
37.994583036197746,5639.1370567782305,50.731278132412,0,1,0,0,0.18387499599880808
47.77226245720831,3373.6145182286004,56.73124637586641,0,2,0,0,0.1680420260447505
10.340265998472528,5887.898957311088,39.97025229448657,1,3,0,0,0.0640036992688548
43.73089078717606,3898.718591721256,43.724508796224654,0,1,0,0,0.19438143660188867
42.29318881623884,5400.52408623868,44.04535752910927,0,1,0,0,0.19657791138379682
29.67503961659257,3223.4708403602717,43.68527404328332,1,3,0,0,0.13600708618429802
34.347540332580124,4573.646422692808,61.17212574968624,0,4,0,0,0.14216399088036585
206.4665408061857,11836.06009617092,130.98046083124694,7,17,1,1,-0.13132875735974592
28.53351471279489,5234.163491285367,35.428490851049574,0,2,0,0,0.1737744593398141
13.466376291905377,5479.873757733767,52.21562505126143,0,4,0,0,0.09030095032139462
27.307468852529198,4457.059779472218,43.94051645695864,0,1,0,0,0.18540723509687224
62.22733821410725,4882.911805606468,49.966992232365214,0,1,0,0,0.1575110184035996
42.5975030749837,5752.80205771014,45.1961665769399,0,2,0,0,0.18452720620618557
197.23208943249517,20115.035443892502,180.67300265151243,4,13,1,1,-0.15599727185234546
42.56912492956245,4364.949971670726,51.22207144043402,1,3,0,0,0.17239718966453849
31.87405946185466,5361.0320851151255,53.92597338299309,0,1,0,0,0.18268471840061412
58.2763582768963,5799.388143665934,48.69642192198094,0,4,0,0,0.11969820492679822
23.46796758451491,5977.8136441227325,33.10588107132672,1,0,0,0,0.0733394370591301
33.07874403318001,3977.5288951757493,55.17661466843502,0,8,0,0,0.06048377412716999
40.35707367394894,5400.941483310427,58.2893331953541,0,1,0,0,0.1766380597285016
55.3319787494611,6005.3151481539335,59.84116028535965,0,2,0,0,0.12223003476756489
39.106649010805995,4166.447101122505,54.37570137626558,0,1,0,0,0.19433513832016952
25.8008978480107,5110.1332842053425,42.060330523358175,0,2,0,0,0.1789162050216836
36.41191179440959,4608.028194046436,54.475264621228575,0,2,0,0,0.1988662983834687
30.29807676528175,4065.1321839305633,54.53125045376087,0,2,0,0,0.18755088187028973
38.178578859573,6009.930732668797,30.76042847549855,0,4,0,0,0.12269414510062437
57.73472853689819,4859.300810344751,38.73282775410035,0,6,0,0,0.06708757081470784
200.5858701281424,11458.430436305094,163.81780329766417,3,12,1,1,-0.15715706374513916
20.0684687978081,6039.5520353237325,51.12468794013602,0,3,0,0,0.12522684866553763
56.58590789245032,4643.87075279766,44.685608296252234,1,1,0,0,0.15777623106063043
38.62552185696858,3269.809171426121,51.50450092536139,0,0,0,0,0.15566880434034525
65.10864730822553,4215.232395274678,43.18775826781897,0,1,0,0,0.15024982724173858
49.01664548046147,4900.142401398127,31.73527871688917,1,3,0,0,0.1476840607370813
47.29475811659847,5429.291583907491,49.82066727335386,0,2,0,0,0.19066366043579436
41.595636089762515,4222.769144232833,44.51102816525894,0,2,0,0,0.2048570540738538
37.19035651660983,5505.566248429315,49.477169258102776,0,2,0,0,0.1957080370674148
28.259526668619614,4478.223954248176,49.63184795267585,0,0,0,0,0.16535580550397888
37.34836480560132,5335.056115273113,60.33727709916499,0,3,0,0,0.16564892204841136
43.13266326615867,3081.2470587141756,36.18125348772282,0,2,0,0,0.16280700951006472
59.588935647179625,3893.8584381805185,36.89142488789662,2,1,0,0,0.07586784763334736
36.53609633295834,4491.792903020217,40.792382063189464,0,2,0,0,0.20486752172652783
47.902531272073965,4309.982785055075,39.835703561124284,2,0,0,0,0.08488730644534115
40.339820513565535,4670.623454938869,51.220699903060485,1,1,0,0,0.17890318086399914
29.923337893830688,5877.675749109328,27.741932712094034,0,1,0,0,0.1279695034305579
58.354603833527364,5533.773614485844,35.73618870018461,0,1,0,0,0.15294186458620224
32.80728825467173,5596.885666527585,38.22435347664345,0,1,0,0,0.18602229997593084
39.90432830420059,5096.593141800671,26.538121377619063,0,2,0,0,0.156719635924157
53.71387377418024,4079.068918819298,51.35418030209226,2,2,0,0,0.10203970424161535
44.424079706474814,3918.395421140577,46.83834516322504,1,0,0,0,0.14909745824169224
24.86939254797946,4612.702052383116,43.241455955679285,0,1,0,0,0.18070909614805825
46.84718402311791,4513.219375256277,44.56523050186138,0,2,0,0,0.20159079667091884
46.51072052303158,4902.937704015583,46.429430947637066,0,4,0,0,0.17117141413613568
29.393710765586405,3513.3524217943186,51.70480617241213,0,1,0,0,0.1672528616368789
56.26765430565941,3755.807681364126,38.87763265492249,1,1,0,0,0.15097625625712913
44.28535085814096,2998.2743335101695,31.203818352110694,1,4,0,0,0.0953479836543824
47.32702894340588,4227.138195449152,52.318707042882956,0,1,0,0,0.19483644324004312
29.801867566422498,4020.56924430428,44.54588782067762,0,3,0,0,0.18697185831053775
48.178008368471495,4950.98475294586,31.877808065685937,0,2,0,0,0.17568838018344224
50.22920001755469,3628.4899906227283,30.3247473424756,0,1,0,0,0.1494030568558009
37.5025329957127,4158.785033111261,29.018756481162526,1,2,0,0,0.14938067443626074
53.62678768216719,6561.848315331667,43.37207093927706,0,5,0,0,0.060868613208518996
41.80362113754253,4045.7025708946044,45.819955564135604,0,1,0,0,0.19974896534542597
30.073228677372125,4927.228409591958,46.98948146796494,0,0,0,0,0.16437299907680658
27.28943773733258,3908.795148925744,41.0798736008087,0,4,0,0,0.14981561836088803
27.067062664848326,4411.494335884725,56.143216946688725,1,0,0,0,0.11619338588652073
184.71808411684745,15288.526986475337,262.1941847925267,6,17,1,1,-0.12975949674943255
21.693697948903136,4267.083543599608,39.11133173261304,0,0,0,0,0.14064283327692284
39.52533815372014,5377.677866804187,55.81766727672829,0,2,0,0,0.18682332976339083
62.912999685641566,6031.993450171714,46.76820872139398,0,2,0,0,0.12320980766367451
38.652063403710045,3920.833592657871,38.707366063072115,0,4,0,0,0.16948027035032742
38.69487821851771,5751.1867941155815,57.35782191822154,0,2,0,0,0.173348713840834
33.63398622867367,5875.621583771279,33.83475560051341,0,1,0,0,0.16421914677049237
33.97534930776867,4752.145042937646,42.00161803725119,1,2,0,0,0.17945710011567084
52.70109384219505,3954.9460142368225,51.95537757565778,0,0,0,0,0.15918232066113142
49.20921674983491,4911.077897238405,33.73232531090195,2,2,0,0,0.0955588349711618
31.427782983683585,3564.0846655870223,36.807421402785025,0,1,0,0,0.17155413776731243
26.443517744108583,6802.379357101427,58.814540786904864,0,2,0,0,0.080376945530022
44.60878538727169,4913.974928645205,51.98828420202535,1,1,0,0,0.1749930070673874
20.72264415690913,5274.426139523771,48.437878815498856,0,1,0,0,0.16087995044515963
37.01243021825112,3265.288971361779,49.57772866151886,0,0,0,0,0.15616389636006756
39.10679885079944,4830.558582061207,45.95344199441308,0,1,0,0,0.20150599135167735
42.9200733918723,4234.067713773756,39.608772968510216,2,1,0,0,0.10873568036598413
51.70143680101302,3792.6094855428455,32.88828070719219,1,4,0,0,0.11780947886183929
42.827374697302794,6196.1276753411485,42.69133626155231,0,2,0,0,0.16335832555958657
45.28017340063999,4476.234818736965,42.56616020624982,1,1,0,0,0.18223997266296493
27.902964268991152,5067.7305160993,45.37937835447602,0,2,0,0,0.18544318037568036
52.45047933109479,3958.0091456743976,32.434931057207436,1,3,0,0,0.1439780002344967
47.663109505328485,5150.143222044994,50.646059258936006,2,1,0,0,0.10295239795655348
35.01654503319038,2908.4045709934335,62.19377906207296,0,4,0,0,0.10030936452375039
61.057530183812375,5685.837782047163,22.944339429009307,1,3,0,0,0.06790992947954388
33.83359699195968,5580.372517149983,51.934789119139936,1,1,0,0,0.15481025634701656
46.04855818621413,5147.05797959856,31.340442887994655,1,2,0,0,0.15186512382009082
31.41635548888038,3610.2680035641743,52.15381315441244,0,3,0,0,0.17563988751393633
50.29191547842423,4342.536218974132,30.48824309948441,0,4,0,0,0.137278862402882
33.52288383628766,5398.479808333164,40.569559788715175,0,2,0,0,0.19372520678600463
51.448021161918426,3249.3847799127634,45.40919175395721,0,3,0,0,0.15771498628604902
16.149173024789285,3579.486691321435,49.07052287124535,2,0,0,0,0.02328011417923137
46.263298787402775,5324.694907232233,41.72105283487082,0,1,0,0,0.19502550695773774
48.967523261479144,2705.6379216856903,52.19757942148182,1,3,0,0,0.12241740576970211
40.668698947464335,3838.8675808817557,65.56543564829542,0,1,0,0,0.14616072241783373
37.02977637338194,5227.25201845303,29.35197228637945,0,5,0,0,0.09110813305988125
32.89127290913357,5178.00745899408,32.004187630724026,0,1,0,0,0.17839756604249107
42.93959885330467,4494.536179614096,64.76440584515485,0,1,0,0,0.15975932511284352
22.93295548482791,4754.32195543947,37.41504665299931,0,6,0,0,0.06311213828527112
38.83944265755529,4393.738325708029,33.62314329575183,0,4,0,0,0.16160475462919083
45.68310916762218,6369.073185204757,50.054701591666266,0,2,0,0,0.15503818790132906
23.098464443637283,4182.15033647038,33.103333409096386,1,4,0,0,0.10343974559482694
53.185322223846285,4568.40485227117,51.045153263553665,0,3,0,0,0.18073157988308003
23.821774934731444,4147.41766586056,45.838266279293606,0,0,0,0,0.1493170227086199
53.13029822165139,3770.7728066870573,33.69111564674084,0,3,0,0,0.15900820328476467
45.960569836134795,4282.887547929303,51.969544045107355,1,3,0,0,0.17201428998886198
48.18343565553957,4399.89654478617,40.63280263959405,1,3,0,0,0.17349806335741935
24.6348477700446,4651.614878642653,38.952553354617876,0,3,0,0,0.17224536688397885
37.56345536748409,5587.529607533828,42.65592199683678,0,3,0,0,0.18483325442702703
23.448169263825672,4297.629616372729,43.23225836884218,0,3,0,0,0.17383195910531252
39.2070424162322,6054.267466110065,44.76447849125762,1,1,0,0,0.14918784552340586
43.73500185452243,3507.1124708504854,31.739523139179617,2,1,0,0,0.07342122119259598
34.59921434224908,3981.1406393459524,64.95667489783965,1,0,0,0,0.10074585363833516
39.07477948703075,5074.857199826266,45.88657590961437,1,2,0,0,0.17806465021597678
66.28546750971975,4055.619075154819,46.83849544753695,0,2,0,0,0.13877802684866208
54.15328144865545,5354.598721897191,36.695555934434346,0,3,0,0,0.1675657451871695
64.72897509858385,4344.348546068919,49.39501230620226,0,1,0,0,0.15123739290314364
54.01338473991769,3763.6210049199235,44.328217099506446,0,4,0,0,0.15120926611016222
55.341422351287584,5327.238756249001,34.959454031579895,0,2,0,0,0.16302867562756457
41.16493059217648,6015.534922312082,53.00409525227683,0,3,0,0,0.1653012904332743
33.23105643115926,4486.9929562095485,43.40954789599949,0,0,0,0,0.1790422797091087
29.71410932300461,4879.728678811756,51.01206748929115,2,1,0,0,0.09271677236743137
28.22189618742459,4333.2411070100625,36.64857098369977,0,1,0,0,0.18322105656469745
47.784518651075715,3575.0923731666376,36.515713658091855,1,2,0,0,0.1603720746349765
32.25856294473851,4881.749351761725,56.337700968670646,0,4,0,0,0.15596555720496852
34.083988784094004,4316.777675907874,49.62172666081943,0,0,0,0,0.17779468229350126
40.82275569767233,4185.668066113414,35.26453800295531,1,3,0,0,0.16698970189803358
30.05205986893513,4797.792208993012,63.04348109786743,0,3,0,0,0.1540526259191199
47.744511395021775,5824.053294744248,44.94403981170954,0,3,0,0,0.16784784759883853
53.89733048200081,6587.396585983524,59.19603004513637,1,1,0,0,0.05947287061029316
43.11859353098108,5159.376069494021,36.775800676177994,0,3,0,0,0.19070156406742395
51.65885141145226,3047.794741910933,61.744924333475375,0,1,0,0,0.11784926802149126
44.06195688993297,4626.797622220083,38.94139179241107,2,2,0,0,0.12249667052485858
58.59921286021047,4887.037482471963,72.59660038911078,0,0,0,0,0.06370913892548008
39.24785083272194,3557.7801155862544,55.59936384046622,1,2,0,0,0.15475010939659878
51.56051355093186,4635.377014629219,47.653623493996285,1,1,0,0,0.1695335832961256
32.79233572097434,3074.487458862849,56.00959634998571,0,0,0,0,0.12959189312628283
51.67065339552076,5053.830735611748,39.61158143807262,0,4,0,0,0.15992670845835938
25.051134655456146,4613.018808124388,33.61166882219231,0,4,0,0,0.13754451890727076
51.405086058232605,4150.640863312894,39.02489805308358,1,1,0,0,0.16449756275245375
32.35135447232179,3862.4339097805832,40.34194430881837,1,2,0,0,0.1702548758565961
30.955166027710124,5445.588956406851,54.26215402241593,0,2,0,0,0.1816140252552355
47.272119416147675,4234.1387308748735,43.1547464234415,0,2,0,0,0.20163008265119914
42.72951921524955,4435.558866527343,38.05286868910942,0,4,0,0,0.17368389839113857
44.09382369779973,3471.2955785425647,46.973157074055955,0,4,0,0,0.1594541223832645
58.9505537860887,4808.452811739934,29.291238479315005,0,3,0,0,0.12370694472710081
31.291074242158412,6245.036099152456,37.15238091872297,1,1,0,0,0.11634658072285409
76.94656970146285,4300.871738772805,40.86534838876724,1,4,0,0,0.06609584747961378
58.77572386976807,6428.043322750677,46.94736194718775,1,2,0,0,0.09176680441940999
36.30666118056399,4379.122132676507,43.832340842047536,0,1,0,0,0.20296460579248854
42.358657318138896,3058.2307692925483,31.006938251980586,0,2,0,0,0.144553592395251
32.058562422779346,4995.046889122097,32.60892924346099,0,4,0,0,0.1525080555609456
49.381874461327726,4427.355077902276,56.210306673244716,0,1,0,0,0.1804858801840616
43.258946046344484,4563.046946801864,44.606927123723686,0,3,0,0,0.19775846240227085
65.72732907190391,3609.334677086696,41.45959289058976,0,2,0,0,0.1331137730703046
67.77590280008211,5183.035730808088,69.12615421612915,1,1,0,0,0.043676927416816724
31.59855022072992,5201.694479042406,30.948101531964248,0,1,0,0,0.16784943950553227
51.1141305703797,4777.949711339067,37.78262446662747,0,2,0,0,0.18697423858301226
27.25235543528674,4210.528453904356,49.76357769356219,0,2,0,0,0.18653828682520052
60.86885885357613,10714.029815065995,195.72458624232135,8,15,1,1,-0.14369325103464403
47.46171954660636,3658.105168159864,34.91445315923792,1,1,0,0,0.15939752857857736
48.568005929105105,5367.678451459522,32.79287574085841,0,2,0,0,0.1720870946718065
42.05641937427965,2662.4386184181385,41.08351432578209,0,0,0,0,0.12930900668793704
43.913596266905415,4331.570161495906,38.932997052347034,1,1,0,0,0.17923461579906258
43.090604688673174,4989.2401391349895,51.59245668432405,0,2,0,0,0.19854771425357093
49.964029798530945,3447.074847860741,45.2538842054241,0,2,0,0,0.17865843762790745
29.929389721328338,5305.673898024959,23.643257860213044,1,3,0,0,0.10642517900030302
47.47419918816998,2168.0619370695813,76.09918556005361,0,4,0,0,0.005384192277907984
15.19069479952148,6312.048522773961,49.920188479927994,0,4,0,0,0.06664723866434208
42.218033484338484,6209.8937414056945,53.90247500836509,1,3,0,0,0.12455055477138322
109.84678207340193,12203.043352765468,137.75103837327867,3,20,1,1,-0.13440902800618748
33.467407305697805,4098.434910106698,65.74082669749973,0,3,0,0,0.14293097251598336
49.090092520567666,4741.733050976931,27.926420424070532,1,2,0,0,0.13537607116941308
33.07729756572222,5636.325693084464,28.934228992613207,0,0,0,0,0.12903967339413053
20.061759252772482,4164.45016311741,34.80335661307885,0,2,0,0,0.15136237333715952
45.772110780840556,3093.7087288021116,42.70200369424806,0,2,0,0,0.1722768215351792
47.11721509562061,3543.8458246678083,53.484308822052846,1,1,0,0,0.15655649176057923
33.29293783274094,3994.048776079528,57.46891715534719,0,3,0,0,0.1767261762164417
44.95517745130749,3506.9700544435136,40.929636870732196,1,3,0,0,0.1611351232765823
35.3790126350042,5332.170314621492,57.619215007139914,0,0,0,0,0.1512384874868829
29.632110763842206,4843.0425463945,53.29732417879175,1,4,0,0,0.12886179541347237
46.01100625149257,6002.914053916265,50.514762752395235,0,1,0,0,0.16980246226964751
52.883580998317264,3504.865798362658,42.21116605849244,1,1,0,0,0.15230556383260663
23.975867695478783,4185.614883493622,41.97954500510136,0,1,0,0,0.1750744616814946
36.96918218328208,4234.5452895371745,60.805406865683736,0,2,0,0,0.17820299184176736
50.675569547481246,4341.702768810897,53.852314829889906,0,4,0,0,0.15933805793469136
42.53220960643142,5685.403560605879,51.51521991339506,1,1,0,0,0.16201694600985705
33.70575680464272,3920.8051509142842,44.46879346982455,0,3,0,0,0.19169166543878352
27.950310798975185,3145.751663372098,50.62880860174355,0,0,0,0,0.13120332554561603
41.19198766515071,3423.705244168334,48.90695920928144,1,1,0,0,0.15977426530701805
28.721442564071737,3625.5473653404138,36.372242359568794,0,2,0,0,0.1687268255008334
29.103711093745467,4463.857844420091,43.318561814152105,0,1,0,0,0.19236403164381244
53.23962258419826,4479.418743931006,51.68340488718081,0,1,0,0,0.18495071310364591
42.44156363040668,3975.230305287955,44.51347648429549,0,3,0,0,0.1969660698342799
17.55049694768973,3578.2318581037157,51.833289928110695,0,2,0,0,0.13117593199915645
48.610507069551545,3954.8565692969955,41.42970799193391,0,2,0,0,0.19562826739962946
40.15110880938154,4225.297766080799,48.19651825918977,1,3,0,0,0.1750096411238813
33.78075738071623,5082.476345732467,53.62393472382759,0,4,0,0,0.16563074531950045
37.772092280034194,4677.83964422316,47.85554074857657,0,1,0,0,0.20454954740741005
24.520469203107353,3755.1688014161523,32.542826235536154,1,3,0,0,0.12240766893816735
53.957965025859515,5070.399192838889,41.80152476745156,0,5,0,0,0.11107610915036725
16.57494640572998,5975.20512489966,60.33433701296325,0,4,0,0,0.061558395984285696
46.23215817089407,4477.475737129371,49.367385517335094,0,2,0,0,0.20161512173631402
39.771805505167734,4982.858859213363,32.47606555586881,1,0,0,0,0.13284262028814997
38.715635680545304,3220.3703999323407,41.307228607537965,1,1,0,0,0.15327373356524587
40.83762501988023,5367.491205115419,65.2360621922964,0,2,0,0,0.15711261720030778
42.90354725879241,4676.869052731323,51.380511014407574,0,1,0,0,0.19990118727976186
27.14929002326665,5952.340142152782,30.56145183866458,0,3,0,0,0.12410859683531533
41.17211318258598,3951.439018056645,39.958201689923285,0,2,0,0,0.2020338651787565
33.62957472495615,4709.894518137152,38.50234773151733,0,0,0,0,0.1756264619000542
41.55065418370273,4246.805198593608,48.27879524159357,1,1,0,0,0.1798552472944378
20.64740954572418,4443.66618489043,42.37109170791732,1,0,0,0,0.11543226744152346
43.923128485169954,4296.1643110351515,37.140139673650175,2,2,0,0,0.1178438478159552
130.38253501492926,12299.061563244106,187.72032761328188,5,21,1,1,-0.12728174727230634
26.721689095099954,3780.7271940147716,48.89614177370904,0,3,0,0,0.17290599661496447
30.43725693435428,6305.483599343211,47.634872153310596,0,1,0,0,0.1421237468840132
47.59338239327542,4790.850942766303,64.92515353168119,0,1,0,0,0.15508285317325787
34.87742716063096,4555.511864863174,35.81313488513906,0,2,0,0,0.19680838661613026
40.156022702534884,4772.37191871513,51.15771149771142,1,4,0,0,0.15182700219804451
41.27716273230276,7373.796811060374,40.918991608397796,0,1,0,0,0.10219340031595664
35.5427096080505,3898.6703230149055,44.49795382958255,0,3,0,0,0.19214047834695053
42.978647035604034,3064.767239459884,53.59587886979802,0,0,0,0,0.13932871008060937
31.228839520696972,3914.997677258886,29.513817011362534,0,4,0,0,0.1295705475439246
61.977505190252245,5571.5816473077075,36.91734278359074,0,0,0,0,0.1129513926379262
30.151812179779476,4946.113699175345,43.96778247067504,1,2,0,0,0.16737375234652985
61.185450883373164,4701.522720658195,43.96745239850953,0,1,0,0,0.16425167701766774
27.85474749687799,4885.934850297515,40.82633186394916,0,3,0,0,0.1801904933816736
62.1604879088324,4825.353172685492,41.48078682183491,0,0,0,0,0.13389947149794867
53.09808222306954,5533.601138277079,42.653794300425865,2,1,0,0,0.08423615645092808
30.791829245343408,2722.080090281516,34.141748711148146,0,4,0,0,0.10139502207263817
21.59062995117253,4607.6223315727375,47.30070759191402,0,2,0,0,0.17311127688153816
8.56305875092307,6054.78885309064,44.81291243554102,0,1,0,0,0.0727554030985843
69.55890534982343,2934.25759909971,35.600968988911355,0,0,0,0,0.05927414628280758
34.66848087908666,5189.472250546221,52.90371896051711,0,3,0,0,0.18669593796666756
172.42058310276164,17379.443656735155,167.59115971001063,5,16,1,1,-0.11105828372123527
29.219023943819707,4644.516582944878,62.388996637975794,0,3,0,0,0.15357298644684958
38.06457146000789,4004.725361539122,26.063853330462145,0,2,0,0,0.15112627537725787
37.69166842262653,4173.803152737181,53.294748419317486,0,2,0,0,0.20061547548783704
41.3880956115143,3660.0588368341237,38.82746813453077,1,1,0,0,0.16880438500611483
18.341414792025773,5083.4523904594735,50.14254756017835,0,1,0,0,0.1504785266956653
27.57709213096751,5851.2002867599385,46.43388467342251,0,4,0,0,0.13698411867233318
46.173266008704985,4665.0239278012405,53.87655425873836,0,1,0,0,0.19385857752529423
31.57536287347177,5470.812750088166,56.88913371474643,0,2,0,0,0.1790937223002556
33.337605679681616,5368.366469787712,27.96128413173281,1,1,0,0,0.1286749656650028
46.15920919736027,5442.388472350939,49.31922544673941,0,2,0,0,0.1940033998805864
30.09403363848986,2847.415164207033,45.142730678364344,0,1,0,0,0.14901901985557198
160.99622069467043,16859.114855527103,194.85616137692122,6,13,1,1,-0.11494282179458937
27.681816407067277,4306.571072740138,53.451579711843216,1,2,0,0,0.15568473515717846
13.614328520559017,3966.7821667623953,42.26006918170696,0,3,0,0,0.12431361601413404
62.52154975069679,4830.62895613456,36.74589470021045,0,2,0,0,0.15030483855006588
44.00394526344338,4088.6133690723555,59.43632003468814,0,4,0,0,0.14290992489024285
39.33298394907454,3827.509488766959,50.47264797377967,1,2,0,0,0.17521474364041295
35.29470216241411,4344.635430053262,48.51448207541583,0,2,0,0,0.2058911396436388
34.411242957156915,5696.237277119189,67.31300146192632,0,1,0,0,0.12126661264572725
19.442385650909472,2201.4709785882405,49.18398220888684,0,3,0,0,0.07519728975505252
25.467805602850518,4140.327432946858,43.25645742097164,1,4,0,0,0.1263529146389873
36.386755652928535,3886.2141768019815,41.5680772450259,0,3,0,0,0.1919119640532585
38.612220611341115,4277.540355731463,47.69126941245107,1,3,0,0,0.1737562228949711
47.54014611117136,4221.795182217748,55.07513689836922,0,0,0,0,0.1623658747270375
62.76151579184737,4448.143082669773,43.65720837813696,0,1,0,0,0.15926095018024183
37.7159358629967,5027.727616879584,34.960426279185015,0,4,0,0,0.16543470208630068
33.78866441156595,3518.6408303014387,42.4382024750462,1,1,0,0,0.1604179931721319
28.254835410612312,4771.612709837519,42.202398315041656,0,1,0,0,0.18558756758431022
45.91981481057067,5105.316331082458,34.08066099604687,0,3,0,0,0.17583599537529204
23.01555109539503,3936.9935686414237,38.24821725025618,3,3,0,0,0.030761693343914098
28.420918473038746,3897.834535206075,34.08299123860686,0,4,0,0,0.13904103611798052
36.82411800114453,4442.275488066307,43.60553724319001,0,1,0,0,0.2039899109186516
24.34636599394176,4171.210603819102,23.466570801287556,1,1,0,0,0.09939871199551348
58.613823706270274,4475.425914441062,53.38940500469612,1,3,0,0,0.14099061218387443
37.87663327007141,4381.8687296169255,42.94140569119659,0,2,0,0,0.20694221847768351
34.126726689781336,5357.822970521921,32.967991446108556,0,1,0,0,0.17965859371442988
48.66006476851882,4936.259535565027,48.72105472606863,0,5,0,0,0.12032291599075517
57.442408925887804,3821.151734982578,57.038844371688164,0,2,0,0,0.15433990401018455
34.36989217474354,3163.591828395087,50.22514105265758,0,3,0,0,0.16527823635282035
42.62980393196727,5229.727445843804,38.64442158595597,0,2,0,0,0.19658972271614283
24.679017090156286,5545.690472347372,43.655032155982674,1,1,0,0,0.13567790368191046
118.93640085183162,11134.206433153144,136.56309882841464,8,19,1,1,-0.12263981724345707
25.334466293296657,4198.702201104114,55.96469233810883,0,0,0,0,0.13429131866399013
33.69093973983087,5841.653523164957,35.18834468860318,0,3,0,0,0.16574236211049492
177.84919210341155,15461.469035532158,159.84642984449277,10,18,1,1,-0.13440132189786125
23.779784732603996,4940.268417132897,60.19283923641769,1,2,0,0,0.12225494712761076
31.507966412574632,3903.389174204147,41.82284903243766,0,2,0,0,0.19199737532685496
52.07551371057329,3126.909316886915,40.63235762761782,0,3,0,0,0.15028096010103825
38.23531142197434,3301.890341798,52.307641190665244,0,1,0,0,0.17434526378969262
33.25254964910833,5796.105493904525,39.57326200265978,0,1,0,0,0.18162129019515394
27.927791422003576,5591.787929981265,38.506269616785744,1,1,0,0,0.13788403724929726
29.699706637825436,4380.629628255684,46.718393397935316,0,3,0,0,0.18819238509625835
48.23512228449416,4593.780993556688,44.80739620265605,1,4,0,0,0.15085161050989043
72.64202999907542,4795.8861692731325,40.498107351485885,0,1,0,0,0.12146081410980858
223.58121572444153,18355.435551520855,137.43021152267104,6,14,1,1,-0.14188052756765956
40.81033845625509,5256.579194089852,34.27256974260193,0,2,0,0,0.18755956497764698
39.77784236809132,4525.363041632216,53.868873900973,0,1,0,0,0.1974880131876579
36.940273390949734,4768.877617529118,35.04184605209771,1,1,0,0,0.16567141183555822
21.811070620033217,4632.1137107869945,36.956842403400074,1,1,0,0,0.13995261310295282
30.133355253202822,4849.7207440778675,46.05894453115234,0,2,0,0,0.19320936423561597
15.529213866878791,4060.8797326688677,44.28400748141933,0,1,0,0,0.13741922847490745
38.13187317529505,4003.9328553043197,36.681777917695555,0,3,0,0,0.19057875976963295
30.78642921875046,5184.050367320642,36.20185646497946,2,2,0,0,0.0954287345570572
52.645624624418836,3309.2191859332515,56.254347844147695,1,0,0,0,0.10021247261940186
19.690424443422167,4680.512277507849,49.736320768114545,0,1,0,0,0.16191150245576968
36.06805424082678,4465.342377449363,52.083038472010635,2,2,0,0,0.12183272016802399
44.73342570853956,4579.5661976626625,49.996851103029336,1,2,0,0,0.18447166980791618
44.33963230057161,4211.687422625112,43.05091719647319,0,3,0,0,0.19841615538809199
62.5842939577004,4764.202138949966,48.67481665474304,1,5,0,0,0.06792458438611398
65.5964004958752,3776.6928888272423,22.88138088670493,0,0,0,0,0.057051232383893424
41.99742649855667,4691.8769654139205,19.70439922305697,0,3,0,0,0.12801189666520602
58.02828462515234,5167.885834808376,53.90383163519786,0,1,0,0,0.1637005721983843
42.78704436593204,4374.369334660344,41.96273971223335,0,3,0,0,0.19839055618484536
49.86283005250269,4892.691302706628,41.11481546911114,0,2,0,0,0.1929029628417312
42.350143061172176,4863.357081302948,47.96575545140762,0,1,0,0,0.20295568869673875
44.39917895316218,3287.586339423273,40.211625439915956,0,3,0,0,0.17328349134519055
29.83847538317914,5037.660062864872,40.467515909769865,0,1,0,0,0.18845929167142095
22.769654185846726,4778.838639204325,44.24048976357477,1,0,0,0,0.11776532518635868
15.698288960108712,3615.7613458155215,46.01856295261987,2,3,0,0,0.0455071805970535
27.02142395662726,5946.611018417993,35.757668557316954,1,3,0,0,0.11003487904324155
25.975863548565616,5544.744108640667,24.961376355932465,1,1,0,0,0.0965651750893074
38.809889634647405,4401.351176466752,33.32220448732065,1,3,0,0,0.16060420032438727
37.13262343760309,4311.879068442578,33.77455193755586,0,4,0,0,0.16187948916858924
57.44061372541241,3311.979739901365,45.03695671847847,1,0,0,0,0.1050416345103764
34.2681106388186,6095.02643700277,38.10272225935826,0,1,0,0,0.16714015618820394
28.113564098431738,3099.076291206224,63.005111815108535,0,2,0,0,0.12435874931226326
39.58345876353708,3334.786671851185,42.35485158689389,1,0,0,0,0.1338792568259643
56.4024912093343,3744.711299394894,50.01782736167545,0,1,0,0,0.17044046433968363
47.39122728333116,4907.13461662476,45.58022734808395,0,4,0,0,0.16919342054908199
36.28945148978543,5071.654621513772,76.37748533659993,0,1,0,0,0.10725890761128437
61.55053207714626,5307.155384278979,38.68422270834669,0,1,0,0,0.14573240461601034
42.992604204529066,5214.139848496991,62.388513518533316,0,2,0,0,0.16745095375786495
30.723882593734402,4331.725827313098,44.18477326898354,0,1,0,0,0.19366199027807818
34.7194661596362,3748.1876520662186,42.659801408930186,2,2,0,0,0.11769003796259725
34.47233474848255,6117.91787416457,48.77100393902187,0,0,0,0,0.14264322324092443
37.438634179457836,4789.528025576412,54.2165011192446,0,2,0,0,0.1964676790189832
44.62380855674604,4514.021142823321,44.2423571346454,1,1,0,0,0.1829573888055055
190.28047925420918,20408.6679199763,223.72491903527828,9,22,1,1,-0.17300619869586187
39.583781351358624,4574.195777641053,64.87061111699441,1,1,0,0,0.13757707552190007
43.07235681176651,4081.8444324314464,46.90635591265024,0,3,0,0,0.1946538249519979
27.70734830398852,5305.431939249997,56.40149038521267,0,1,0,0,0.16267943511092264
38.93055952584654,4622.881797974464,39.739651573324196,2,2,0,0,0.12616277737995085
30.6661997489095,5472.043259143184,33.88032974225837,0,2,0,0,0.1688897187598059
39.74918087243022,5604.902093225963,35.43563623181991,1,0,0,0,0.12907719020116404
42.924246537902945,6743.6995656895115,50.844129804724844,1,1,0,0,0.09553685652475269
133.33435298598846,15727.353464344338,198.67020819354317,9,22,1,1,-0.13978537362218668
43.56381607879823,4811.839628308194,46.551906838589794,2,4,0,0,0.09876921743156325
47.04228512560324,5396.640137502426,14.804878441791747,0,2,0,0,0.10420225460189697
50.00706585458685,3551.6858227682815,49.69267589808526,0,2,0,0,0.179773581950405
43.88900763273754,5759.419892927402,27.269675317931185,0,0,0,0,0.11388665932361719
38.080737640438876,3819.8293564564397,44.87911052153945,1,2,0,0,0.17852641886771548
44.52654250077425,4311.700313629925,44.379959906339685,0,2,0,0,0.2046050026959051
20.71020118526527,5154.8665892732815,39.759116020654076,0,1,0,0,0.1616987533908641
36.699379634180275,4984.466471144669,43.441018220633325,0,3,0,0,0.1958516489027068
54.853795743681545,4297.711138296585,29.96919698240182,0,0,0,0,0.1190681624413259
33.86541188282578,4467.922665932265,49.826878872092124,4,2,0,0,0.042365465028296745
41.16395157991262,5482.179108534842,41.41659847978778,0,2,0,0,0.19686094389716835
23.052355583976503,3212.3024080937566,40.27909422302873,1,3,0,0,0.11879371554801049
29.264712373365953,5683.423008225643,60.63413358832108,0,1,0,0,0.14155049816200788
45.15541862959103,4405.9957033162755,34.83316871423503,0,1,0,0,0.19110977981549898
55.06907350688225,5951.050432189781,41.485857642862676,2,3,0,0,0.06855646063218351
38.291446179744476,4852.623604862292,43.168033812796125,1,2,0,0,0.18317266785546676
35.3853334692421,2915.2720692173016,53.26047171441506,0,1,0,0,0.154113005266783
30.514306534656257,5214.838211659644,46.75211418908512,0,3,0,0,0.18209454884726528
24.061767413218835,4301.132243553302,55.857863249393475,0,2,0,0,0.16590565690782672
49.92619898843229,3468.289146283181,41.8392714397295,0,1,0,0,0.17592623173965471
35.985985169908616,4896.427264164359,59.898634386020824,2,0,0,0,0.06873583760914043
34.95775819484972,4113.627997934466,37.57515767461616,2,0,0,0,0.08261534410043253
58.04791586299226,3823.388054914334,51.51136241823657,1,4,0,0,0.11827093256641535
28.607213334016684,4868.836791235662,38.42165446147863,1,3,0,0,0.15308044428355594
33.37332346862834,3076.92836817108,33.693846650624735,0,2,0,0,0.15051561972827016
43.516869679584175,5497.364535063765,31.541290765267853,0,2,0,0,0.17295007317154215
47.05980647781492,4001.7705824628047,42.333476707655855,1,1,0,0,0.17856403482317074
50.435271041267924,3709.815671919095,41.686916168166775,0,3,0,0,0.18229654749775254
35.78183819150429,6168.683309700769,42.906861804206386,0,3,0,0,0.1567057613965609
40.313092602530006,3288.6182877779265,38.4791111140694,0,1,0,0,0.17269903065819092
43.77096799114329,6120.846389619734,38.79152401748884,0,1,0,0,0.16100773552520725
33.204427244766734,4114.696355130679,57.38946352939438,0,1,0,0,0.1816069177389797
30.181351801198332,3516.918511794679,52.441919714999365,1,4,0,0,0.11996721623478784
34.189191125604985,4536.532522083494,38.83638591960523,1,3,0,0,0.17129488894163214
39.71049895467996,5962.2106126226045,45.03375506597161,1,4,0,0,0.12283305494014651
126.61388190553407,12398.76911472798,161.4774422306393,8,12,1,1,-0.1218780318279904
34.641820575195744,4232.192846976007,48.2674476460232,0,1,0,0,0.20089912799738496
43.61856810800335,3492.2970948364705,43.06173861227197,0,0,0,0,0.1620287990796218
41.31273753525871,4560.291645502385,45.858930062933304,1,5,0,0,0.1096052687658412
30.714529610757126,5322.226163609925,74.49094425308725,2,2,0,0,0.01964191805604698
47.50800817318007,4789.221493905246,45.005279588565976,0,3,0,0,0.18978590366730386
33.27782751763637,5250.176065448032,43.09096208272701,1,5,0,0,0.08624876286949634
48.4037185529079,3622.9236257964226,50.53251219984784,1,2,0,0,0.16695580307605196
33.460970958292606,2590.330590892265,42.98508466052482,0,0,0,0,0.12857752219620022
48.91916912827258,3669.830833951348,59.10459145203504,0,2,0,0,0.1654665397996084
48.555981162068655,4136.716383082203,38.743227125037876,0,2,0,0,0.19572981807933798
188.93460410335183,16644.274532948315,85.25235172591366,1,17,1,1,-0.14979981080344174
28.269337062417385,4855.204376840683,48.40589216400497,2,3,0,0,0.09735810986087523
124.86525955391902,13361.298225533785,145.8895133906542,4,14,1,1,-0.11070233285493236
31.3618694992635,4247.009736402641,41.30389663956366,0,2,0,0,0.19900678551479867
65.95905667966552,4734.289654894099,39.504597254044654,0,1,0,0,0.14234017088410977
45.68599505094145,3551.9259931437095,53.74389180712728,1,2,0,0,0.1627581355037242
33.33427457007694,4445.405267566841,60.730197252148564,0,3,0,0,0.16827969116369612
30.210276580414742,5568.327275004342,57.36130721806218,1,1,0,0,0.13394986056446861
27.846026555986914,3891.2469281466574,37.12216248091761,0,6,0,0,0.0744395367205759
39.39714268661036,3398.1315873395706,60.37931918412553,1,1,0,0,0.1296427273828794
44.12341947482154,3985.9389091954827,56.26050250772168,0,2,0,0,0.18898450956476298
190.9131401358143,15615.398693640025,218.58407029214774,10,16,1,1,-0.1487411941572644
24.636347215949268,4991.655823203329,47.95624488747095,0,4,0,0,0.14664837216244747
49.06469470990908,5029.720563978549,47.71495310825648,1,0,0,0,0.1412619256332437
181.86038082610352,14489.12742719199,243.19318874894478,7,17,1,1,-0.1242261104151805
38.4649889022308,4776.66602802819,35.36241073789389,0,1,0,0,0.19412450089573485
25.146214014077813,6821.738403888887,58.728484746765304,0,2,0,0,0.07537024346496612
35.63665345343373,5256.558023854098,49.57280404615241,0,2,0,0,0.19918151987992316
42.68545541966678,5769.839141771643,42.58502554129221,0,2,0,0,0.18550485735751382
53.067407163608394,4247.392430819903,50.4711911517521,0,3,0,0,0.1816201211441124
26.188077070932366,4092.924312675831,19.697124772536704,0,3,0,0,0.10287571456104772
166.3036913612895,18106.238498405706,266.38957042643995,7,17,1,1,-0.12872844004334694
23.438782501421304,5905.360077054167,45.4977368718096,0,1,0,0,0.14601907748134585
167.97969072981712,14844.918896267778,203.30180218012708,7,23,1,1,-0.13133506318222177
48.281727900533355,4509.317357859042,51.802161054504495,0,0,0,0,0.17222468259418305
48.15517298721611,3506.769614505806,52.18185725707934,0,2,0,0,0.18361009708391962
16.483958513442694,5289.6260615181045,49.676931717654334,0,0,0,0,0.11001472972302684
175.86390754500198,10795.97502123491,64.62702531287194,5,17,1,1,-0.14067237360459084
65.83818949013867,4558.026973329108,34.12754061137197,0,3,0,0,0.11973579888974034
33.09018111226384,4957.052180660661,57.35811620006939,0,0,0,0,0.15359737641555699
173.4914421261734,22988.875520869675,211.60061635912717,6,22,1,1,-0.16110994415810265
32.522313682902826,6211.071617177707,62.5547569831549,0,0,0,0,0.09279736951256506
21.320449917713155,4804.635459115522,38.75654610286776,0,2,0,0,0.1646373632764404
48.097833905999245,4603.523471232676,49.63288530118106,0,2,0,0,0.19987753193587693
42.078171110214186,4344.235358144518,55.391117874202685,0,1,0,0,0.1926385812704784
57.04605097587826,2877.1742913696494,44.260524343916074,0,4,0,0,0.10516813148881915
32.646535714187365,4258.322416884751,47.53165238037981,1,3,0,0,0.16889952816156967
46.75563084028685,6841.514802762355,42.283448896739465,2,0,0,0,0.023568246451921904
144.13859585296547,10271.900630911121,177.32110561109914,9,17,1,1,-0.12812574404648713
23.866593867588676,3234.3142826953494,57.30874513154735,1,1,0,0,0.10819392097816916
53.72504851848315,3492.34431003989,51.92918623031611,0,0,0,0,0.1446364338475451
106.28244348167013,19489.173586975514,111.99920928759154,8,12,1,1,-0.14855661521646313
53.903146948088846,5283.0609576198785,48.904648499288896,0,1,0,0,0.17562160776580016
47.7458101736929,4759.824266351871,54.15390275560162,0,1,0,0,0.18855250050478845
31.83970334105811,6379.537234302655,38.41883510924743,1,3,0,0,0.10832494453701041
33.80746326139151,5110.087787577817,55.90980425185967,1,3,0,0,0.14752696155069994
154.89218973603445,15680.087442072932,236.25481620065975,6,15,1,1,-0.11496794613760097
71.5885847780487,4282.868110843312,53.545252270666154,1,1,0,0,0.09613765281095005
39.6818334946094,1936.311641432932,37.37275221433786,0,2,0,0,0.10612028719524741
40.77136022914555,2976.338867224153,33.19187184691155,1,1,0,0,0.12623517320036803
48.5315196184419,6356.2724273188305,36.999614356023535,0,4,0,0,0.11342145384094865
30.372672769340575,4734.606389241517,41.9203847036096,0,3,0,0,0.18719696684186726
61.06409010931846,6040.537632128109,52.78936503512114,0,2,0,0,0.12650806176840107
40.81022177692131,3703.677557375789,33.99845767028305,1,3,0,0,0.1504518884095311
28.921201046669147,4815.567089346203,35.9224381985308,1,1,0,0,0.15231912883828946
34.48766920551707,4962.240095912744,41.12869350210485,1,0,0,0,0.1463601349699603
42.132412011199044,4298.880615865333,51.79142775438196,0,2,0,0,0.2028369938147866
35.88774887103581,5327.306041117683,42.00323351993213,0,1,0,0,0.19724561887917086
49.02319639224129,4811.8534935576445,32.60741605146528,0,0,0,0,0.1485849104645771
47.34011546609042,3917.7569000649837,38.4623366135118,1,0,0,0,0.14050277179991277
44.15737851396371,1893.3701596256797,36.328697842890996,0,3,0,0,0.09465050496279448
40.5637671251769,5183.239644272382,47.502002062516944,0,0,0,0,0.1740901566234238
27.15898280408617,4166.990073106085,34.02697472367156,1,2,0,0,0.14321450266218028
46.1654314109465,6527.192224809878,51.38391925608383,1,4,0,0,0.08600378695808475
42.37701712921426,4790.771345804426,48.278211728430854,0,2,0,0,0.20383365611702375
44.58891695420861,5104.206068805419,50.58139514518506,0,1,0,0,0.19702022439798839
70.72101445922553,2544.5974085873677,50.972282182533846,2,1,0,0,0.007698266354922656
34.366307368780575,5012.790552208983,33.060749936009444,1,2,0,0,0.1600421800927475
34.25501654003827,5357.587092482645,45.23903043284955,0,2,0,0,0.19739902384288655
42.50636314005706,5853.058471590435,47.537396614945735,1,2,0,0,0.15935587165063503
28.171287443973476,5567.133739196697,51.83569323200477,0,3,0,0,0.16459476945023777
53.51878035457309,5737.388777233366,26.20075614860955,0,3,0,0,0.10882551386623046
52.38958312661376,4988.968226132749,47.30700905718683,0,2,0,0,0.18709438023626135
47.32444318520158,4836.650912862815,32.06727042128836,0,0,0,0,0.14863253747467736
42.24120117372494,3599.7018078549827,41.29491901409971,0,2,0,0,0.19365685606427996
60.117247747303395,5023.887933121754,68.6387249461936,0,2,0,0,0.10280356291053111
56.14504055385973,3279.0763758389357,41.86470313827602,0,3,0,0,0.15211475278218223
44.89903306857366,3686.6683253428846,46.972922656312065,0,2,0,0,0.19300182088839818
46.08728837328757,2806.3358590521248,39.42576946891679,0,4,0,0,0.13272152947979243
1.1047919191711273,3853.4334609877224,49.98221748496785,1,0,0,0,0.051423071061936554
47.85238787624869,4480.769435086408,49.81866061718492,1,2,0,0,0.18184265270238925
43.68759425051931,3807.0240920472224,45.19147777415752,1,4,0,0,0.14991317318688202
43.9877681437551,5576.914351498042,51.659242520544616,0,1,0,0,0.1879393149666056
43.00591420415052,5398.209098873687,53.25098264667635,0,0,0,0,0.16143209914720208
39.15801146249623,5355.276832776218,52.56788679986982,0,0,0,0,0.16788792394265328
35.97058360851846,3535.0748892129536,37.904201452508275,1,3,0,0,0.15406404446081573
53.30444296699489,4312.694828454714,46.814266201139716,0,3,0,0,0.18126658348020158
41.0390774496748,5200.524968549974,35.83808084518758,0,1,0,0,0.1939195511682414
47.00713822391157,3470.6464134114044,37.30003933802543,0,2,0,0,0.1806658820041966
60.24569962087078,4941.877456474426,53.90198411124787,0,1,0,0,0.15788825809039686
24.154520642988686,2701.6193839211032,44.90699678861385,0,4,0,0,0.10147633621665514
25.156591469463017,4570.771671284481,45.002070649181974,0,1,0,0,0.18030253832293225
43.69362122670471,4284.961110747275,52.04506539824723,1,4,0,0,0.1509217270198358
62.57388483328708,5954.024541193408,35.75534011870445,0,0,0,0,0.09562542955082176
52.17244078021756,4266.985523666331,48.979270499468086,0,2,0,0,0.1921897666386922
38.267675056912694,4272.881848086341,54.2427013953783,0,1,0,0,0.19564101849036303
31.378669344970767,4740.653082664712,43.10879609222967,0,1,0,0,0.19390806161550006
42.56775892881066,6448.502110410976,56.12688374989925,0,1,0,0,0.13530319170925165
25.429736646547212,4627.545222275914,58.21304032273012,1,3,0,0,0.12697376242756642
45.67885149488254,5570.523440032177,39.91859802352689,0,4,0,0,0.15895553873069102
23.177787246492628,3345.3069982302873,31.911796008808878,1,4,0,0,0.07824599759319689
54.26819837329062,3137.6570466484554,43.49162288433305,0,2,0,0,0.1541477695132371
18.655357013148656,5843.419712063569,31.489256337919787,0,0,0,0,0.08134282625943867
42.21560630238765,4546.7512972265695,46.52354872033722,1,3,0,0,0.17753865288369652
147.93278941243864,11811.550506293945,115.79131937216226,7,21,1,1,-0.1370712195174465
41.84470127134634,3203.9542056651353,34.28142766959844,0,1,0,0,0.15602726307581816
57.952531737870196,4255.988759061688,31.7754204325643,0,5,0,0,0.08774557072916506
35.37623683765888,6489.470701432216,45.067998445599976,0,3,0,0,0.13663784900923936
50.19522516425229,3586.71894237642,31.368259954071895,2,2,0,0,0.07626093048224686
20.866868094467595,3446.898276546576,55.51947617722919,0,4,0,0,0.11117443380390196
56.833531731233194,4569.13970195423,58.60658595838651,0,3,0,0,0.1480381898371148
45.78966898291822,4908.1808713625815,22.03819046862762,0,3,0,0,0.1318682079216293
52.996614918103326,3924.934427079448,36.303369187253054,1,4,0,0,0.12842185697453823
19.559410727738143,4528.80373415919,45.07063158628176,1,1,0,0,0.1333698416502349
34.30065626606853,4482.325980965987,28.990960215234843,0,3,0,0,0.16398844235564586
31.018161561321357,4357.323384275727,49.21586610614456,0,1,0,0,0.19637862761257346
22.623833195005073,3389.0860153080703,60.62888768508198,0,4,0,0,0.09475299280007066
31.56188289848935,4418.520045926255,31.328621935397543,1,1,0,0,0.1492753151311787
23.681726308240968,5753.218770057896,44.194002507032394,0,3,0,0,0.14970980451708582
42.81057679043825,3188.2036504815624,39.690291021880356,0,3,0,0,0.16880161527547627
35.688494910555285,4597.703735198871,32.038833357501055,0,0,0,0,0.16010452651963963
33.95829215060561,5265.199567902144,40.08363814367953,0,1,0,0,0.1960844188307969
40.87981560626085,4169.67494482501,54.18454443942414,0,3,0,0,0.1903149653938982
40.0629243966182,4987.316455384309,41.16028728047648,0,3,0,0,0.1973810538706542
46.71748537517248,5219.9477117478455,48.35058029084117,1,1,0,0,0.16791307638384967
48.493023225465706,4961.795218358475,38.03228181570425,1,2,0,0,0.1733746340743434
45.67116978895652,5568.911449615407,55.71543152234886,2,3,0,0,0.08341544548281155
58.92943935716169,2926.3212240856374,41.78757233882088,0,4,0,0,0.09916968762575235
40.98248967263587,5268.074002902277,43.08972237399831,1,3,0,0,0.16561207882206153
60.02825830347271,1870.7845648548532,32.414950893246655,0,0,0,0,0.037441065755281944
43.34825830924407,3003.7572107678934,53.141517621182665,1,4,0,0,0.12057255022198643
28.289520964272008,5071.249321705593,50.107920885275945,1,1,0,0,0.1506543367988044
42.665605259604554,4376.296336835077,46.44887833096891,0,1,0,0,0.20158434568114958
42.32907991477969,4130.267140840873,25.7232742065439,1,2,0,0,0.13959355310951826
59.11823951967276,4919.786984190174,54.21801501977252,0,2,0,0,0.15931367629077642
39.60247632551444,4651.789204770055,40.08846252857895,0,0,0,0,0.17972585350361303
33.092346085146715,5496.372602358276,33.24405394375148,0,0,0,0,0.152118503783572
44.101071709325915,3947.937602813154,52.83390509282596,0,1,0,0,0.19184845917164378
176.17918625589715,24834.236066198016,151.00926167018105,6,14,1,1,-0.15304190385760208
30.028598603067547,5105.863216142962,33.51736711247382,1,2,0,0,0.14621169230049963
22.838303464472407,4751.094746001422,32.42422141085384,0,0,0,0,0.12673297355422458
52.78576450078421,4996.336838436421,46.235476959555825,0,2,0,0,0.1847817889511506
39.60766302287088,3890.0561672231042,49.2097294438939,0,6,0,0,0.0923257895542241
27.553046148082522,4024.244986425219,35.78140186874687,1,1,0,0,0.1459703114349472
40.72276251929232,5533.889130334893,37.30857650212702,0,4,0,0,0.1639458394207567
53.91195764037098,5770.998499873886,40.4269834491321,1,2,0,0,0.1353741955439382
40.54686207884576,5326.484945402081,51.7286123596682,0,1,0,0,0.19439848010433308
64.1224544651962,3611.5384255639347,43.03533416571903,2,2,0,0,0.06549338648098268
25.064143560262995,3777.1389443876897,57.44679580736786,2,2,0,0,0.07096730490836989
15.119317211102206,3205.54981951437,30.51408585366456,0,1,0,0,0.07801336989930241
51.51124991302248,4937.851479443581,45.34152417488025,0,5,0,0,0.11709202089618015
151.14791295482382,16493.0569314247,135.24935348744614,8,26,1,1,-0.15339607326957794
26.527335741252415,4355.880483990024,45.43514668643466,0,2,0,0,0.18729155816876086
32.1807958287302,3086.5494567391406,50.91814133741378,0,0,0,0,0.14132750011257622
52.96936870665546,3045.3204524070707,48.16155957182778,0,2,0,0,0.15244618577556113
26.673089854410055,4097.410293907124,59.64177238752438,0,2,0,0,0.1603210966272926
36.27679892087853,3686.483122681689,44.338673853741774,1,1,0,0,0.169590389118508
37.22878563749586,4518.714336907867,55.213832954293984,0,2,0,0,0.19670345278341117
48.53937853706668,4486.221135744304,41.793323744428086,1,0,0,0,0.15055227191927711
54.47810759810028,5372.511480474063,41.40370327547538,0,4,0,0,0.15001346122649906
60.35747641948046,5525.890705016141,57.748750412787224,1,3,0,0,0.10036728335022932
43.872622724057074,5477.30600924842,18.95786143372866,0,2,0,0,0.11709326024636152
45.32583313775474,3237.655255380276,57.81643795003769,0,2,0,0,0.16360338328875274
46.21190824562947,4613.741621591771,34.10366962657612,2,4,0,0,0.08217148753646258
38.49055695880422,5548.2654190114545,51.06850593215671,0,0,0,0,0.16937759311091188
38.10390521705213,3585.7603629194427,50.55512646342248,0,0,0,0,0.16816331850262556
59.03220179374422,4420.546156483871,43.19608318237592,0,2,0,0,0.16973637810476283
50.46784764064814,3654.598145563121,51.79373282956503,1,2,0,0,0.16290502939679924
30.890408061355625,4633.8007114819,40.355957376906126,0,1,0,0,0.19390886296394794
34.3368176105268,3821.4318700199915,45.22465892812046,0,2,0,0,0.19799390867753752
121.46384199407245,15793.947124928784,131.51773393093754,4,19,1,1,-0.12136794151892594
52.38213447362362,4278.5437606830465,48.67649292991422,0,3,0,0,0.18502408062120101
21.81770725361737,4171.542543411403,46.60018225852788,0,1,0,0,0.16785346671501578
23.11043470748134,4238.752910230214,31.696863742610102,0,4,0,0,0.12483929658707155
34.15449539482365,2915.313516759764,58.40461051790348,0,2,0,0,0.14623087712423333
24.459054735236606,4577.529494741737,45.54934110999849,0,2,0,0,0.1802645480084858
116.5792245305743,19342.956669154097,162.1467168493126,7,19,1,1,-0.11972637805414288
58.786288350812086,2984.9056270011447,54.514492770580866,0,3,0,0,0.11865974018116593
40.55723857787378,3896.4418118310195,27.237536665335483,0,2,0,0,0.1507201219388582
42.68660829134958,4023.8525903883346,36.485935657396865,0,1,0,0,0.19374361589517675
33.15104447500629,3074.2776512950595,40.483405238403776,0,1,0,0,0.16490279221286763
34.45269653553949,2852.430392829189,55.23709546106981,0,1,0,0,0.15131717660255078
36.727317163027955,3591.242365761056,49.32959825360696,0,2,0,0,0.19223049795843355
43.470023726893814,4212.851457900044,47.41321934916781,0,1,0,0,0.20072323870142655
34.14872531113008,5126.748702711044,39.19946758629957,0,1,0,0,0.19643276126637266
134.57742422079986,19244.476567937014,202.426100783151,7,19,1,1,-0.11685354646888013
49.2503823266436,5888.91917544497,59.53260663321034,0,1,0,0,0.14237816156355337
52.637834239994845,4714.532084461307,59.313667818311835,0,1,0,0,0.16319222555825386
33.97891547698556,5916.58808696103,50.130854200972934,0,1,0,0,0.1747437280900887
46.05984734776548,3958.769120443908,46.73341664370408,0,4,0,0,0.17089507996360437
51.08832423048281,5568.647446408276,57.000789564268615,1,1,0,0,0.1359112843966851
47.878643303605955,6222.6282184801075,46.93589911367545,1,2,0,0,0.13433578790067102
30.8408901214898,3793.591518225984,29.688924974442777,0,0,0,0,0.12414969092957184
25.349876200347733,3457.4717797267112,29.970296716048466,0,2,0,0,0.12711356292283083
50.0283053447817,4003.327668696798,62.49583904205421,0,2,0,0,0.15804767357653376
29.32582684449372,5494.973339662185,54.653974845911705,0,1,0,0,0.16912751438980594
70.88031763899832,4065.5308300361708,36.31707268123634,0,3,0,0,0.1123557973967233
49.84578617436837,4384.316239704963,50.950294658355645,0,2,0,0,0.19470176491260655
45.65698667663685,4957.85252090694,37.4171793111241,1,2,0,0,0.1745041688617413
69.46360167893073,3783.5767288768598,33.48985916380493,0,2,0,0,0.1063380902990042
62.15964395257199,4420.4733367151985,47.16775563762629,2,3,0,0,0.08198708381822895
19.568996749145917,4791.923353549442,48.11308673442885,0,3,0,0,0.1533384584617531
22.437820622414577,5295.2939437380055,55.701502383164275,0,3,0,0,0.14611297951935798
36.08771761398591,2820.1170446342458,32.62337577672702,0,2,0,0,0.13940310546146184
30.48975113880759,4594.837955531364,46.647608412365166,0,0,0,0,0.17134976905137178
32.50217706765186,5284.16756771152,36.52366071380915,0,0,0,0,0.16644044076824338
49.95286697420187,4165.013901536052,48.03818595604876,0,2,0,0,0.19506639813112492
35.66840601017104,4521.797511005482,57.37438134684139,0,0,0,0,0.15980321391215224
63.57670159499667,5695.374727664152,34.706284918179286,0,3,0,0,0.11177319617297693
43.053050119614554,4496.962988330143,37.842400108892484,0,2,0,0,0.20102792013840454
47.08785796830771,4470.093008419985,40.43879172525812,2,3,0,0,0.11544406195723406
46.18042320650392,3880.6646893400484,35.99379265352131,1,1,0,0,0.16790553629956528
24.157201515752295,4893.244352771715,45.85318142565024,2,1,0,0,0.07992976144112057
27.02732151510085,3665.3821792284834,48.338599665685344,1,0,0,0,0.12257852091503196
56.246468489984956,5340.887920115347,59.01598592946429,0,0,0,0,0.11968036167541313
39.58013811403646,4798.7822975121135,53.48174212666668,1,2,0,0,0.17473081318284223
32.347120188984206,5468.406424738739,48.8632331781156,0,1,0,0,0.19142428646056397
37.15817671911989,5007.518208047124,35.056506253914876,0,2,0,0,0.19349262877681334
37.19015950331997,4426.063939446688,43.92697855995771,1,3,0,0,0.17566573272063096
32.47639530654679,5138.506635425136,50.522999376795234,0,0,0,0,0.1726051475890868
36.884903783636744,4892.903823741901,42.82982949575629,1,2,0,0,0.18010114903463065
39.210996867124145,3774.71694015343,41.33492979631948,0,4,0,0,0.1715649273081436
43.359623515837846,2318.1837657543524,50.48883835317365,1,0,0,0,0.096547371677075
59.98569333355092,4754.9590843915275,34.674760964724605,1,1,0,0,0.13451017848815716
46.92486552616648,6355.3532189727575,47.94224129013494,0,1,0,0,0.14929804721047563
37.79219996376785,4209.911577709794,36.389120898264295,2,0,0,0,0.08457608068101158
45.872494734735014,5426.964735823045,57.235688824186276,0,1,0,0,0.1772905482551212
40.06136147970953,5828.886314753307,43.36933036056236,0,3,0,0,0.17936631989967444
34.78604527081221,4960.082339572483,47.49308595641729,0,3,0,0,0.1951440209044074
44.170980464340055,5869.184446730206,51.979032725390276,1,3,0,0,0.14337406628105115
37.37079365429363,3636.5046869488683,31.18955396846225,0,3,0,0,0.1575045231643587
27.188554847408867,4008.379996572766,51.06723059136183,2,1,0,0,0.0841387492543057
23.217189114170306,4716.677861539712,39.533199154127345,0,5,0,0,0.10755740753554383
52.68546671462699,5076.7585751403085,44.707371863150215,1,2,0,0,0.16186986293738653
39.83803330314479,3629.721471183708,40.34689543219947,0,5,0,0,0.12679285193415846
47.44806517060813,6154.36530911561,42.36551783917751,1,0,0,0,0.11302374548300509
37.43213386929389,5706.4054014208305,53.539759765522234,1,2,0,0,0.15233937037849643
44.2934483241794,3607.7468854893236,48.76409526097517,0,1,0,0,0.18661105134677397
28.96690918919436,4843.741907008398,55.6020990749888,0,2,0,0,0.17931650038631974
44.508376220148065,2318.508606033939,42.139957781198895,0,5,0,0,0.07260170299688712
70.32318911048347,5137.392980930901,53.745170741325225,0,0,0,0,0.09069997686932851
31.23560041939436,4661.904736038131,49.38475738809727,0,1,0,0,0.1947401951321696
50.579677083393406,5161.390007444836,55.35249334723753,0,4,0,0,0.1501999586076163
47.58889286866625,5164.929432798753,47.60442263333556,0,2,0,0,0.19470384762588133
66.27763519861207,3411.2747314430035,51.66312500909212,0,0,0,0,0.10030067346962407
43.37190241282039,5012.084771266747,40.707555797013384,0,3,0,0,0.19350132614638044
54.151566208765914,4101.045973927641,39.41698246053969,0,1,0,0,0.1805058799573664
23.109859663386146,6185.967998595791,71.20793091029975,0,2,0,0,0.05418897982454418
45.903030058078066,4502.741418138073,54.788580507817954,0,3,0,0,0.18701028162883498
45.7477579089567,5995.133293093083,40.06877177600228,0,2,0,0,0.17043257230848263
29.492580959382913,5614.454764290273,47.07267329398944,0,1,0,0,0.17316076924989127
49.76220660843604,4266.8620687613675,44.74425687808006,3,2,0,0,0.066152919536697
26.72398031192766,6367.734785362739,50.211224283793385,0,1,0,0,0.12503883643227098
12.376946023172984,5465.256603578822,39.51712703509399,1,1,0,0,0.09108081013320063
39.348461601786255,6351.745922740529,39.352259958290574,0,2,0,0,0.15574400519302573
41.19581638105169,5850.68381157088,47.096594152746256,1,1,0,0,0.1603143054767282
193.259001785399,17682.175218418313,221.7538176869068,7,16,1,1,-0.12989628725009905
19.96713662654354,5576.968337981086,55.47317706621448,0,2,0,0,0.14023651015934385
51.81186878171901,4787.2570593772625,60.54160420714774,1,2,0,0,0.14131440410605917
129.59038725885495,10212.081071503439,236.86331426690697,6,18,1,1,-0.12969093594369296
49.750309868730376,6062.367422848724,50.55604466003449,1,3,0,0,0.12832529916746677
57.3637346122448,4567.890275011434,49.99864123740372,2,3,0,0,0.09562170317548163
19.300986009843605,4419.237875141496,26.98942265847261,1,3,0,0,0.09540734265176076
62.38929413373708,5051.496514556313,40.23779126455341,0,0,0,0,0.13113678953532354
48.86159895994493,4687.544527152797,48.08050539504102,0,4,0,0,0.1671886306850786
40.92841969177142,4662.919402833336,30.03470744909921,0,1,0,0,0.17768074654656302
30.300420575738183,5039.935856996584,49.62591292853951,0,2,0,0,0.1910160047820229
39.12605304811753,3395.152966376707,43.52219681182528,1,1,0,0,0.1611744597404834
38.8472812033042,5262.679509435379,35.51651995775799,0,2,0,0,0.19347499654078193
30.72609742554914,5745.845536659466,42.714000846599816,0,3,0,0,0.17096711370957757
42.49225224595733,4348.0604491289905,42.55919526325799,0,1,0,0,0.20436485411808147
31.876935996328495,4553.667332928157,35.94267699137381,1,1,0,0,0.16463454710951808
39.80292524712698,4411.270680944164,44.382358001398714,0,3,0,0,0.19945103740156833
36.14336990016408,4957.192194221289,35.460605806033556,0,0,0,0,0.16931898583758603
32.66178636409662,4962.517064693024,45.15618333949603,1,2,0,0,0.17624700776809343
39.316652515347194,4992.060211381241,59.558223221467664,0,1,0,0,0.1776880161957144
42.050385257535304,5953.838120522498,49.09762795959497,2,0,0,0,0.06827901865953617
31.68508485687215,3398.4537599139694,38.38017822203391,0,0,0,0,0.1488000058828557
52.58811071004267,4793.21668492395,51.197114459661364,1,2,0,0,0.168268626882083
51.014343364657314,4113.535012987272,61.61470165728018,0,2,0,0,0.15861816825545905
40.22120719678472,5595.442668742947,59.033699701251905,0,2,0,0,0.16960890039397786
40.423162623660744,5000.6070084605935,31.473297141564657,1,2,0,0,0.1590786872972233
30.48552601285187,3818.884420287485,47.61250531233856,1,4,0,0,0.13375444892320026
147.2932547708997,12576.808229728102,181.09022529442316,8,17,1,1,-0.10229965328025792
22.173275523556335,3741.0780642154273,23.99973492348376,0,0,0,0,0.0707736384168281
58.57006241596074,5950.998565429882,53.95355430762599,1,2,0,0,0.11349585916592053
41.5688869274331,6430.634214996049,49.663583744463345,0,2,0,0,0.15808327537051586
46.72941431641881,2561.9488977566566,35.9794844564249,0,2,0,0,0.13910903901216815
49.44501524490943,4695.689585861751,43.62628211600603,0,3,0,0,0.18853551317890577
35.05747640653039,4092.0947556054525,59.87246155335927,0,2,0,0,0.18063573142332728
30.660343295172247,4111.541718553756,40.205070326007565,0,2,0,0,0.19401283541327802
32.807499724554724,2878.2176061779824,35.01939372685587,0,1,0,0,0.14532488980030717
31.54787571348689,4674.945871419603,38.646376111743706,1,3,0,0,0.1634822724653492
46.918683556669194,6350.58641694629,41.40231354210914,0,0,0,0,0.12513522251199738
56.912169282226955,6025.545936387678,39.942532957380635,0,1,0,0,0.14134913711565233
33.25039868926879,4266.407990174474,50.82026567084727,0,1,0,0,0.19669814886308823
44.84861028177446,3895.5389688557534,47.13293707372939,0,3,0,0,0.1913514864865986
35.10309552374138,4390.4272424550445,53.872908372667425,1,2,0,0,0.17441898186884325
33.077156132051165,4653.374600137939,59.223698616985075,0,1,0,0,0.17771498698719945
38.340828385945784,4816.8498568628675,41.6618051024399,2,4,0,0,0.09788866318647571
48.50027736759224,4881.654940017681,61.25958915362063,1,3,0,0,0.13708425164666194
161.1288980171335,20930.686191342622,250.6809797758345,5,18,1,1,-0.14854243906862652
64.90480958374526,4325.706486648253,52.426824183597226,0,0,0,0,0.12400309001450749
37.36393734594986,4268.36111631899,35.28343265458714,0,3,0,0,0.18895985475990262
28.74609952101853,5408.835380408371,61.426729532559634,0,1,0,0,0.1448419618937839
49.870538945238266,4496.757714818488,71.44343347017035,0,3,0,0,0.10245707692951428
21.157303361314522,5477.383904557529,25.37374308327421,1,2,0,0,0.08270439205638247
40.582259535337926,5660.777478674471,53.11396554491592,0,4,0,0,0.15325895821486768
48.232617519981275,5435.914218656469,41.12900297525599,1,2,0,0,0.16062639825058866
33.63690857953071,5396.442917225235,57.11943985386401,0,4,0,0,0.14969546072970924
42.689109781725,3541.3977032321645,27.214124159934833,1,1,0,0,0.12512297389509525
51.623739886394674,4087.004163417954,52.542913298135744,1,0,0,0,0.13481699810772252
33.23530536635231,2562.3984663427655,51.86318456956701,1,0,0,0,0.10482380092421745
41.76056423719987,3720.4426366069492,27.141335080658887,0,1,0,0,0.14716393180961518
54.41456706596734,4425.587382741571,53.69156064389273,1,0,0,0,0.13053045756141263
42.784599248291634,4410.999312127971,46.04355937523213,0,4,0,0,0.17553569025984356
31.274353890101576,4017.6328993973566,48.496500472996935,0,2,0,0,0.1971373604691306
38.62316270239721,3299.377054573616,45.50887701856018,0,0,0,0,0.15722455114401235
17.040637064106427,5138.103381829661,50.00844474944457,2,0,0,0,0.03303668419273209
40.25204609959311,3227.656952785518,47.658782296520485,1,3,0,0,0.15085280026654108
49.083863399744224,4409.861331168043,50.70612997219531,1,1,0,0,0.17322202771096085
62.514050070590635,4227.777282160684,42.48461113955504,0,2,0,0,0.16107727368300873
40.122796732235045,4872.419187706349,46.51757992248741,1,5,0,0,0.10815802000502739
49.86472191993388,6663.074026714447,20.61182841723571,0,0,0,0,0.03726608405206999
39.40643548417081,2812.34477731883,49.148655003619105,0,0,0,0,0.13502865235451655
85.13100564492021,15213.452276317072,200.20844096342762,6,19,1,1,-0.12259184653957877
7.637360284701138,5057.238834904678,31.22382499245763,0,2,0,0,0.08361362590531285
40.98740787130509,4610.884326106037,39.07644044347946,1,4,0,0,0.15284139792368906
30.92379105658836,4349.5904575922295,45.327969954115865,0,3,0,0,0.19176591888150174
131.18463757598016,21604.711517658856,211.66616824374103,4,28,1,1,-0.18821598231146042
32.192289170538075,5008.9586810683895,61.734520902985366,1,0,0,0,0.1115344933286676
28.97617664218962,4425.204984634174,61.85014278708509,2,2,0,0,0.0792703563230881
50.389062330041455,4787.803740728284,47.439531979085004,0,0,0,0,0.16600452230520774
15.542505577865754,5862.104768917918,37.367138958214184,0,2,0,0,0.10997956771168188
61.53469436221345,4897.746584612468,42.15124506630329,0,3,0,0,0.1504932110160646
50.453496441180306,3854.8599114574754,49.82248952680657,0,3,0,0,0.1821549210056851
37.11609522210238,3640.3896785855823,31.807528054012327,1,3,0,0,0.14196635904490928
21.821833303769623,5131.055468079809,59.524675344707454,0,2,0,0,0.14465355231630722
44.56237421207156,4482.522354701041,41.70552213652908,0,0,0,0,0.17935517970480702
37.78117436268413,6830.607277816753,40.08097552493795,0,2,0,0,0.12284716777268762
37.01156752532346,2730.2790695615986,59.484992298929264,0,3,0,0,0.124999396002001
26.45137874539325,3738.279010508214,48.891591956679285,0,1,0,0,0.17145710608679332
43.24548190935806,4375.389614414604,53.18777643754861,2,1,0,0,0.10825925377960294
43.97516117684277,5444.597443787402,55.56056809066052,0,1,0,0,0.18260626429478594
59.7396125620154,3559.67172538107,56.17398815902461,0,4,0,0,0.10515304359648969
43.477298282756955,3472.4797972798456,45.759552679160876,0,2,0,0,0.18790457595453552
30.011733122749256,4740.413985910335,46.950249840281266,0,3,0,0,0.1853827123626075
30.93540481176013,3890.0295265276336,30.94432980821358,1,4,0,0,0.10853536841662403
65.4658743641516,4610.067752729055,45.20886488295962,0,3,0,0,0.13663336313697977
37.29068439416157,3887.0535082726074,52.47910256117534,0,0,0,0,0.1700708119401949
49.762115632007664,3671.3937662285703,40.4790966716692,0,3,0,0,0.18070746240513214
25.625465288933817,4274.250285190457,49.08652811480671,0,3,0,0,0.17550543725338646
28.303819957272143,4328.3858393129885,53.50897962167972,0,3,0,0,0.17738459202843315
42.38871634688164,4539.430324781199,28.923389728819412,0,2,0,0,0.17504717027838906
134.4036387567987,15018.9489604213,105.54062197778046,8,17,1,1,-0.11555366920514731
50.27678553188167,5738.136131980457,48.004743596108284,0,3,0,0,0.164531154638291
41.804725437714495,4196.622625993765,49.62060893251896,1,2,0,0,0.1835921056137812
36.28993451837633,5736.292690646662,55.450884740847535,0,3,0,0,0.16702496783714432
55.33212186278211,3624.2379532066,49.97743089091394,0,1,0,0,0.16639835642701223
57.75932966668031,5556.126471736792,35.7048913980759,1,3,0,0,0.11729858846452268
33.916681895546446,5254.641697006477,29.357583882889486,0,2,0,0,0.17034957250955657
61.74938269596315,4108.062266487141,51.256309336460006,1,4,0,0,0.10724284796480898
46.565168574040456,3865.489329817432,41.86941969476845,0,3,0,0,0.19203057829353437
33.437692705115296,3093.1282721730086,45.856871614033594,0,0,0,0,0.14469333894688063
21.392038827206406,4186.2130790329265,53.071225966373106,0,1,0,0,0.1565150441930081
33.47890274639482,4429.946522688479,47.55383755674317,0,3,0,0,0.197681728203431
30.420433065538553,4569.166694662891,37.53421653459761,0,0,0,0,0.1697118365437288
37.18495439949824,5742.082218732707,37.55097355193551,0,5,0,0,0.10919577618193066
57.4137232935405,4436.551099746818,38.24291920838388,0,2,0,0,0.1748059424644841
43.94501331591621,3182.062607811162,50.16178287114958,0,2,0,0,0.17904094170961754
33.35620833583381,4209.5881450420775,27.237647671016802,1,0,0,0,0.10960024928244194
39.853038725837024,4620.186814304054,38.15370174239996,0,2,0,0,0.20472882163189665
36.216769064315855,5420.313388808676,52.408243454201255,0,3,0,0,0.18338039611866902
47.3700004005211,4551.311812407376,39.64198536947702,0,0,0,0,0.1719977212708485
29.087350542463135,4929.33674450081,47.773769379581914,0,4,0,0,0.16055475107877626
69.34902375540192,5163.15950738319,43.745457399970995,1,1,0,0,0.09917088865155055
57.587785227058646,4615.293973419711,25.207001896242122,0,3,0,0,0.11643361154301879
33.72732375377153,5021.669855892218,26.23447293958126,0,1,0,0,0.15075366543941404
58.45643879759163,3983.669996455279,15.596113653357197,1,1,0,0,0.06952585309746068
62.63423081452636,4477.001336107699,45.012054753622245,1,2,0,0,0.13445854720217704
57.29527946879338,3431.1614228734384,54.87334516589102,0,3,0,0,0.14262500914290877
42.435076250215594,4065.2450534849045,51.29529584221811,0,3,0,0,0.19537140346374732
40.8891373650373,4769.363322365843,50.75205016106566,0,2,0,0,0.20069817479965457
35.887425801678766,4944.627167654465,37.075800790000386,0,2,0,0,0.19927923027922878
